FLACOURTIACEAE|Aberia zeyheri |Aberia zeyheri Sond.||No|Dovyalis zeyheri|[No lifecycle defined]|[No lifeform defined]|0|0|0|0|[No distribution defined]
FABACEAE|Acacia caffra |Acacia caffra (Thunb.) Willd.|LC|No||Perennial|Shrub, tree|3|18|15|1723|B, EC, FS, FSA, G, KZN, LIM, M, NW, S, SA, WC
FABACEAE|Acacia karroo |Acacia karroo Hayne|LC|No||Perennial|Shrub, tree|1|22|3|2406|B, EC, FS, FSA, G, KZN, LIM, M, N, NC, NW, S, SA, WC
AMARANTHACEAE|Achyropsis leptostachya |Achyropsis leptostachya (E.Mey. ex Meisn.) Baker & C.B.Clarke|LC|No||Perennial|Herb|0.15|0.6|5|1465|B, EC, FSA, G, KZN, LIM, M, NW, S, SA
PTERIDACEAE|Adiantum capillus-veneris|Adiantum capillus-veneris L.|LC|No||Perennial|Geophyte, herb, lithophyte|0.15|0.25|20|2000|B, EC, FS, FSA, G, KZN, L, LIM, M, N, NC, NW, S, SA, WC
PTERIDACEAE|Adiantum poiretii |Adiantum poiretii Wikstr.|LC|No||Perennial|Geophyte, herb, lithophyte|0.2|0.33|100|1600|EC, FS, FSA, G, KZN, L, LIM, M, N, S, SA, WC
AGAPANTHACEAE|Agapanthus praecox |Agapanthus praecox Willd. subsp. minimus (Lindl.) F.M.Leight.|LC|No||Perennial|Herb|0.4|0.85|5|600|EC, FSA, SA, WC
POACEAE|Agrostis bergiana|Agrostis bergiana Trin. var. bergiana|LC|No||Annual (occ. perennial)|Graminoid|0|0.6|5|3000|EC, FS, FSA, KZN, L, SA, WC
POACEAE|Agrostis lachnantha |Agrostis lachnantha Nees var. lachnantha|LC|No||Annual|Graminoid|0.3|0.89|15|2900|EC, FS, FSA, G, KZN, L, LIM, M, N, NC, NW, S, SA, WC
AIZOACEAE|Aizoon glinoides |Aizoon glinoides L.f.|LC|No||Perennial|Herb, succulent|0.15|0.6|10|1465|EC, FSA, KZN, SA, WC
APIACEAE|Alepidea amatymbica |Alepidea amatymbica Eckl. & Zeyh. var. amatymbica|Not Evaluated|No||Perennial|Herb|0.1|2.09|0|2000|EC, FSA, KZN, SA
SAPINDACEAE|Allophylus decipiens |Allophylus decipiens (Sond.) Radlk.|LC|No||Perennial|Shrub, tree|1|10|5|300|EC, FSA, KZN, M, S, SA, WC
POACEAE|Alloteropsis semialata |Alloteropsis semialata (R.Br.) Hitchc. subsp. semialata|LC|No|aka Digitaria eylesii|Perennial|Graminoid|0|1.79|20|1800|FS, FSA, G, KZN, LIM, M, NW, S, SA
ASPHODELACEAE|Aloe ferox |Aloe ferox Mill.|LC|No||Perennial|Succulent, tree|2|5|10|670|EC, FSA, KZN, L, SA, WC
ASPHODELACEAE|Aloe striata |Aloe striata Haw.|LC|No||[No lifecycle defined]|Succulent|0|0|0|0|EC, FSA, N, NC, SA, WC
ASPHODELACEAE|Aloe striatula|Aloe striatula Haw. var. striatula|LC|No||Perennial|Shrub, succulent|1|1.75|50|2000|EC, FSA, L, SA
ASPHODELACEAE|Aloe tenuior |Aloe tenuior Haw. var. tenuior|LC|No||Perennial|Shrub, succulent|1|3|155|2285|EC, FSA, KZN, M, SA, WC
ASTERACEAE|Amellus strigosus |Amellus strigosus (Thunb.) Less. subsp. pseudoscabridus Rommel|LC|No||Annual|Herb|0.05|0.1|240|1000|EC, FSA, SA
AMARYLLIDACEAE|Ammocharis coranica |Ammocharis coranica (Ker Gawl.) Herb.|LC|No||Perennial|Geophyte|0|0.34|0|0|B, EC, FS, FSA, KZN, L, LIM, M, N, NC, NW, S, SA, WC
MESEMBRYANTHEMACEAE|Aptenia cordifolia|Aptenia cordifolia (L.f.) Schwantes|LC|No||Perennial|Succulent|0|0.25|20|800|EC, FSA, KZN, LIM, SA
ASTERACEAE|Arctotis arctotoides |Arctotis arctotoides (L.f.) O.Hoffm.|LC|No||Perennial|Herb|0.07|0.3|0|3355|EC, FS, FSA, G, KZN, L, M, N, NC, NW, SA, WC
IRIDACEAE|Aristea montana |Aristea montana Baker|LC|No||Perennial|Herb|0.15|0.37|0|2440|EC, FS, FSA, KZN, L, SA
POACEAE|Aristida adscensionis .|Aristida adscensionis L.|LC|No||Annual|Graminoid|0|1|100|2300|B, EC, FS, FSA, G, KZN, L, LIM, M, N, NC, NW, S, SA, WC
POACEAE|Aristida congesta  |Aristida congesta Roem. & Schult. subsp. congesta|LC|No||Perennial|Graminoid|0|0.89|50|2500|B, EC, FS, FSA, G, KZN, L, LIM, M, N, NC, NW, S, SA, TVL, WC
POACEAE|Aristida barbicollis |Aristida congesta Roem. & Schult. subsp. barbicollis (Trin. & Rupr.) De Winter|LC|No||Perennial (occ. annual)|Graminoid|0|0.75|55|2200|B, EC, FS, FSA, G, KZN, L, LIM, M, NC, NW, S, SA
POACEAE|Aristida diffusa |Aristida diffusa Trin. subsp. diffusa|LC|No||Perennial|Graminoid|0|0.75|75|1200|EC, FS, FSA, SA, WC
POACEAE|Aristida junciformis  |Aristida junciformis Trin. & Rupr. subsp. junciformis|LC|No||Perennial|Graminoid|0|0.89|9|2500|B, EC, FS, FSA, G, KZN, L, LIM, M, N, NW, S, SA, WC
ASTERACEAE|Arrowsmithia styphelioides |Arrowsmithia styphelioides DC.|LC|No||Perennial|Dwarf shrub|0.25|0.6|975|2135|EC, FSA, SA
APOCYNACEAE|Asclepias gibba|Asclepias gibba (E.Mey.) Schltr. var. gibba|LC|No||Perennial|Herb|0.14|0.44|20|2500|EC, FS, FSA, G, KZN, L, LIM, M, NW, S, SA
ASPARAGACEAE|Asparagus aethiopicus .|Asparagus aethiopicus L.|LC|No||Perennial|Climber|0|3|1|2130|EC, FSA, NC, NW, SA, WC
ASPARAGACEAE|Asparagus cooperi|Asparagus cooperi Baker|LC|No||Perennial|Dwarf shrub, shrub|0.5|2|0|0|B, EC, FS, FSA, G, KZN, L, LIM, M, N, NC, NW, S, SA
ASPARAGACEAE|Asparagus striatus |Asparagus striatus (L.f.) Thunb.|LC|No||Perennial|Dwarf shrub|0.25|1.2|1|1670|EC, FS, FSA, NC, SA, WC
ASPARAGACEAE|Asparagus suaveolens |Asparagus suaveolens Burch.|LC|No||Perennial|Shrub|0.2|1|0|0|B, EC, FS, FSA, G, KZN, L, LIM, M, N, NC, NW, S, SA, WC
APOCYNACEAE|Aspidoglossum ovalifolium |Aspidoglossum ovalifolium (Schltr.) Kupicha|LC|No||Perennial|Herb, succulent|0.05|0.3|30|1740|EC, FS, FSA, G, KZN, LIM, M, NW, S, SA
ASPLENIACEAE|Asplenium adiantum-nigrum|Asplenium adiantum-nigrum L. var. adiantum-nigrum|LC|No||Perennial|Geophyte, herb, lithophyte|0.15|0.37|90|2651|EC, FS, FSA, G, KZN, L, LIM, M, NC, SA, WC
ASPLENIACEAE|Asplenium aethiopicum |Asplenium aethiopicum (Burm.f.) Bech.|LC|No||Perennial|Epiphyte, geophyte, herb, lithophyte|0.05|0.4|40|1300|EC, FSA, KZN, LIM, M, S, SA, WC
ASPLENIACEAE|Asplenium monanthes |Asplenium monanthes L.|LC|No||Perennial|Geophyte, herb, lithophyte|0.2|0.3|300|1951|EC, FS, FSA, KZN, L, LIM, M, SA, WC
ASPLENIACEAE|Asplenium platyneuron |Asplenium platyneuron (L.) Britten, Sterns & Poggenb.|LC|No||Perennial|Geophyte, herb|0.1|0.23|100|2600|EC, FS, FSA, KZN, L, M, SA, WC
ASPLENIACEAE|Asplenium rutifolium |Asplenium rutifolium (P.J.Bergius) Kunze|LC|No||Perennial|Epiphyte, herb, lithophyte|0.11|0.44|15|1760|EC, FSA, KZN, LIM, M, S, SA, WC
ASPLENIACEAE|Asplenium theciferum |Asplenium theciferum (Humb., Bonpl. & Kunth) Mett.|LC|No||Perennial|Epiphyte, herb, lithophyte|0.1|0.18|5|1500|EC, FS, FSA, G, KZN, LIM, M, S, SA, WC
ASPLENIACEAE|Asplenium trichomanes |Asplenium trichomanes L. subsp. quadrivalens D.E.Mey.emend Lovis|LC|No||Perennial|Geophyte, herb, lithophyte|0.1|0.15|250|2000|EC, FS, FSA, KZN, L, M, SA
ASPLENIACEAE|Asplenium varians |Asplenium varians Wall. ex Hook. & Grev. subsp. fimbriatum (Kunze) Schelpe|LC|No||Perennial|Geophyte, herb, lithophyte|0.07|0.17|100|1450|EC, FS, FSA, KZN, L, LIM, M, SA
ASTERACEAE|Athanasia dentata |Athanasia dentata (L.) L.|LC|No||Perennial|Shrub|0.5|1.5|15|1450|EC, FSA, SA, WC
CHENOPODIACEAE|Atriplex semibaccata|Atriplex semibaccata R.Br. var. appendiculata Aellen|LC|No||Annual (occ. perennial)|Dwarf shrub|0.07|0.6|3|1900|EC, FS, FSA, G, KZN, L, LIM, N, NC, NW, SA, WC
ACANTHACEAE|Barleria obtusa |Barleria obtusa Nees|LC|No||Perennial|Dwarf shrub, herb, shrub|0.25|1|5|1585|EC, FSA, G, KZN, LIM, M, NW, S, SA
MESEMBRYANTHEMACEAE|Bergeranthus vespertinus |Bergeranthus vespertinus (A.Berger) Schwantes|LC|No||Perennial|Succulent|0.01|0.05|50|1798|EC, FSA, SA
ASTERACEAE|Berkheya carlinifolia |Berkheya carlinifolia (DC.) Roessler subsp. carlinifolia|LC|No||Perennial|Shrub|0.5|1.5|520|1525|EC, FSA, SA, WC
ASTERACEAE|Berkheya onopordifolia |Berkheya onopordifolia (DC.) O.Hoffm. ex Burtt Davy var. onopordifolia|LC|No||Perennial|Herb|0.3|1|303|2135|EC, FS, FSA, G, KZN, L, M, NW, S, SA
BLECHNACEAE|Blechnum australe |Blechnum australe L. subsp. australe|LC|No||Perennial|Geophyte, herb, lithophyte|0.2|0.34|30|2179|EC, FS, FSA, G, KZN, L, LIM, M, N, NC, S, SA, WC
NYCTAGINACEAE|Boerhavia cordobensis|Boerhavia cordobensis Kuntze|Not Evaluated|No||Annual|Herb|0|0.4|310|1340|EC, FS, FSA, NC, SA, WC
ORCHIDACEAE|Bonatea cassidea |Bonatea cassidea Sond.|LC|No||Perennial|Geophyte, herb|0|0.5|60|1500|EC, FSA, KZN, SA
POACEAE|Bothriochloa insculpta |Bothriochloa insculpta (Hochst. ex A.Rich.) A.Camus|LC|No||Perennial|Graminoid|0|2|10|1600|B, EC, FS, FSA, G, KZN, LIM, M, N, NC, NW, S, SA, WC
POACEAE|Brachiaria serrata |Brachiaria serrata (Thunb.) Stapf|LC|No||Perennial|Graminoid|0|1|5|1900|B, EC, FS, FSA, G, KZN, L, LIM, M, N, NC, NW, S, SA, WC
ASTERACEAE|Brachylaena elliptica |Brachylaena elliptica (Thunb.) DC.|LC|No||Perennial|Shrub, tree|1.79|7|1|1200|EC, FSA, KZN, SA
POACEAE|Bromus catharticus |Bromus catharticus Vahl|Not Evaluated|No||Annual (occ. perennial)|Graminoid|0|1|10|3000|EC, FS, FSA, G, KZN, L, LIM, M, N, NC, NW, S, SA, WC
POACEAE|Bromus speciosus|Bromus speciosus Nees|LC|No||Perennial|Graminoid|0.3|0.6|700|3000|EC, FS, FSA, KZN, L, M, SA
BRYACEAE|Bryum canariense|Bryum canariense Brid.||No||Perennial|Bryophyte|0.3|2.2|0|1800|EC, FS, FSA, KZN, L, LIM, M, NC, S, SA, WC
BUDDLEJACEAE|Buddleja saligna|Buddleja saligna Willd.|LC|No||Perennial|Shrub, tree|0.5|7|40|1873|EC, FS, FSA, G, KZN, LIM, M, NC, NW, SA, WC
BUDDLEJACEAE|Buddleja salviifolia |Buddleja salviifolia (L.) Lam.|LC|No||Perennial|Shrub, tree|1|8|10|2700|EC, FS, FSA, G, KZN, L, LIM, M, NC, NW, S, SA, WC
ASPHODELACEAE|Bulbine abyssinica|Bulbine abyssinica A.Rich.|LC|No||Perennial|Geophyte, herb, succulent|0.15|0.91|250|2000|B, EC, FS, FSA, G, KZN, L, LIM, NC, NW, S, SA, WC
ASPHODELACEAE|Bulbine longifolia |Bulbine longifolia Schinz|LC|No||Perennial|Geophyte, herb, succulent|0.15|0.2|100|1220|EC, FSA, N, NC, SA, WC
CYPERACEAE|Bulbostylis densa |Bulbostylis densa (Wall.) Hand.-Mazz. subsp. afromontana (Lye) R.W.Haines|LC|No||Annual|Cyperoid, herb, mesophyte|0.05|0.25|0|2100|EC, FS, FSA, KZN, L, LIM, M, S, SA
CYPERACEAE|Bulbostylis oritrephes |Bulbostylis oritrephes (Ridl.) C.B.Clarke|LC|No||Perennial|Cyperoid, herb, mesophyte|0.05|0.44|200|2200|EC, FS, FSA, G, KZN, L, LIM, M, NW, S, SA
POACEAE|Calamagrostis epigejos |Calamagrostis epigejos (L.) Roth var. capensis Stapf|LC|No||Perennial|Graminoid|0|1.2|1300|1900|EC, FSA, G, NW, SA, WC
RUTACEAE|Calodendrum capense |Calodendrum capense (L.f.) Thunb.|LC|No||Perennial|Tree|7|22|5|2000|EC, FSA, G, KZN, L, LIM, M, NW, S, SA, WC
RUBIACEAE|Canthium ciliatum |Canthium ciliatum (Klotzsch) Kuntze|LC|No||Perennial|Shrub, tree|1|2.5|90|2135|EC, FS, FSA, KZN, L, LIM, M, NC, S, SA
CYPERACEAE|Carex glomerabilis|Carex glomerabilis V.I.Krecz.|LC|No||Perennial|Cyperoid, helophyte, herb|0.1|0.69|5|3050|EC, FS, FSA, G, KZN, L, M, SA, WC
CYPERACEAE|Carex mossii|Carex mossii Nelmes|LC|No||Perennial|Cyperoid, helophyte, herb|0.4|1.39|515|1550|EC, FSA, KZN, LIM, M, SA
APOCYNACEAE|Carissa bispinosa |Carissa bispinosa (L.) Desf. ex Brenan|LC|No||Perennial|Shrub|0.2|5.5|0|2050|B, EC, FSA, G, KZN, L, LIM, M, N, NW, S, SA, WC
CELASTRACEAE|Catha edulis |Catha edulis (Vahl) Forssk. ex Endl.|LC|No||Perennial|Shrub, tree|0.1|10|350|1000|EC, FSA, KZN, LIM, M, S, SA
POACEAE|Cenchrus ciliaris |Cenchrus ciliaris L.|LC|No||Perennial|Graminoid|0|1.5|50|1500|B, EC, FS, FSA, G, KZN, LIM, M, N, NC, NW, S, SA, WC
APOCYNACEAE|Ceropegia zeyheri |Ceropegia zeyheri Schltr.|LC|No||Perennial|Climber, succulent|0.3|1|300|1100|EC, FSA, SA, WC
SINOPTERIDACEAE|Cheilanthes bergiana |Cheilanthes bergiana Schltdl.|LC|No||Perennial|Geophyte, herb|0.15|0.44|5|1525|EC, FSA, G, KZN, LIM, M, S, SA, WC
SINOPTERIDACEAE|Cheilanthes eckloniana |Cheilanthes eckloniana (Kunze) Mett.|LC|No||Perennial|Geophyte, herb, lithophyte|0.25|0.3|100|1900|EC, FS, FSA, G, KZN, L, LIM, M, N, NC, NW, S, SA, WC
SINOPTERIDACEAE|Cheilanthes hirta |Cheilanthes hirta Sw. var. nemorosa W.& N.Jacobsen||No||[No lifecycle defined]|Herb|0|0|0|0|FSA, SA
SINOPTERIDACEAE|Cheilanthes quadripinnata |Cheilanthes quadripinnata (Forssk.) Kuhn|LC|No||Perennial|Geophyte, herb, lithophyte|0.2|0.34|200|2100|EC, FS, FSA, G, KZN, L, LIM, M, S, SA, WC
SINOPTERIDACEAE|Cheilanthes viridis |Cheilanthes viridis (Forssk.) Sw. var. viridis|LC|No||Perennial|Geophyte, herb, lithophyte|0.2|0.34|10|1980|B, EC, FS, FSA, G, KZN, L, LIM, M, N, NW, S, SA, WC
CHENOPODIACEAE|Chenopodium mucronatum |Chenopodium mucronatum Thunb.|LC|No||Annual|Herb|0.1|2|15|2561|B, EC, FS, FSA, G, KZN, L, N, NC, S, SA, WC
POACEAE|Chloris virgata |Chloris virgata Sw.|LC|No||Annual (occ. perennial)|Graminoid|0.3|0.75|3|2000|B, EC, FS, FSA, G, KZN, L, LIM, M, N, NC, NW, S, SA, WC
ASTERACEAE|Chrysocoma ciliata |Chrysocoma ciliata L.|LC|No||Perennial|Shrub|0.1|0.6|5|3124|EC, FS, FSA, G, KZN, L, M, N, NC, NW, SA, WC
ASTERACEAE|Cineraria geifolia|Cineraria geifolia (L.) L.|LC|No||Perennial|Herb, suffrutex|0.21|0.6|3|3400|EC, FS, FSA, KZN, L, SA, WC
LAMIACEAE|Clerodendrum glabrum |Clerodendrum glabrum E.Mey.|LC|No||Perennial|Shrub, tree|0.3|9|0|1600|B, EC, FSA, G, KZN, LIM, M, N, NW, S, SA
EUPHORBIACEAE|Clutia affinis |Clutia affinis Sond.|LC|No||Perennial|Shrub|0.3|2.5|60|2135|EC, FSA, G, KZN, L, LIM, M, S, SA, WC
EUPHORBIACEAE|Clutia pubescens|Clutia pubescens Thunb.|LC|No||Perennial|Dwarf shrub|0.2|0.5|150|730|EC, FSA, SA, WC
COLCHICACEAE|Colchicum longipes|Colchicum longipes (Baker) J.C.Manning & Vinn.|LC|No||Perennial|Geophyte|0.05|0.25|5|3140|EC, FSA, SA
COLCHICACEAE|Colchicum melanthoides |Colchicum melanthoides (Willd.) J.C.Manning & Vinn. subsp. melanthoides|LC|No||Perennial|Geophyte|0.05|0.25|645|2500|B, EC, FS, FSA, G, LIM, N, NC, NW, SA, WC
SANTALACEAE|Colpoon compressum|Colpoon compressum P.J. Bergius|||Osyris compressa||Tree|||||
COMBRETACEAE|Combretum caffrum |Combretum caffrum (Eckl. & Zeyh.) Kuntze|LC|No||Perennial|Tree|1|9|15|762|EC, FSA, SA
COMMELINACEAE|Commelina africana |Commelina africana L. var. africana|LC|No||Perennial|Herb|0.05|0.5|2|2135|B, EC, FS, FSA, G, KZN, L, LIM, M, N, NW, S, SA
ASTERACEAE|Conyza bonariensis |Conyza bonariensis (L.) Cronquist|Not Evaluated|No||Annual|Herb|0.05|1.2|5|1890|B, EC, FS, FSA, G, KZN, L, LIM, M, N, NC, NW, S, SA, WC
CRASSULACEAE|Cotyledon campanulata |Cotyledon campanulata Marloth|LC|No||Perennial|Dwarf shrub, succulent|0.2|0.64|200|1600|EC, FSA, SA, WC
CRASSULACEAE|Cotyledon orbiculata |Cotyledon orbiculata L. var. orbiculata|LC|No||Perennial|Shrub, succulent|1|1.45|50|1800|EC, FSA, N, NC, SA, WC
CRASSULACEAE|Cotyledon velutina |Cotyledon velutina Hook.f.|LC|No||Perennial|Shrub, succulent|0|2|0|900|EC, FSA, KZN, SA
CRASSULACEAE|Crassula cultrata|Crassula cultrata L.|LC|No||Perennial|Shrub, succulent|0|0.8|50|1600|EC, FSA, KZN, SA
CRASSULACEAE|Crassula ovata |Crassula ovata (Mill.) Druce|LC|No||Perennial|Shrub, succulent|1|2.5|50|1800|EC, FSA, KZN, SA
CRASSULACEAE|Crassula pubescens |Crassula pubescens Thunb. subsp. pubescens|LC|No||Perennial|Dwarf shrub, succulent|0|0.3|20|2000|EC, FSA, SA, WC
CORNACEAE|Curtisia dentata |Curtisia dentata (Burm.f.) C.A.Sm.|NT|No||Perennial|Shrub, tree|2|20|60|3050|EC, FSA, KZN, LIM, M, S, SA, WC
CONVOLVULACEAE|Cuscuta campestris |Cuscuta campestris Yunck.|Not Evaluated|No||Annual|Herb, parasite|0.01|0.2|85|2125|B, EC, FS, FSA, G, KZN, L, LIM, M, NC, NW, S, SA, WC
ARALIACEAE|Cussonia paniculata |Cussonia paniculata Eckl. & Zeyh. subsp. paniculata|LC|No||Perennial|Succulent, tree|1|4|300|2000|EC, FSA, KZN, NC, SA, WC
ARALIACEAE|Cussonia spicata|Cussonia spicata Thunb.|LC|No||Perennial|Succulent, tree|3|17|5|1800|EC, FSA, G, KZN, L, LIM, M, NW, S, SA, WC
COMMELINACEAE|Cyanotis speciosa|Cyanotis speciosa (L.f.) Hassk.|LC|No||Perennial|Herb, succulent|0.1|1.35|10|2316|B, EC, FS, FSA, KZN, L, LIM, M, N, NC, NW, S, SA, WC
POACEAE|Cymbopogon plurinodis |Cymbopogon plurinodis (Stapf) Stapf ex Burtt Davy||No| Cymbopogon pospischilii|Perennial|Graminoid|0.11|1|15|2440|B, FS, FSA, KZN, L, N, S, SA
POACEAE|Cymbopogon pospischilii |Cymbopogon pospischilii (K.Schum.) C.E.Hubb.|Not Evaluated|No||Perennial|Graminoid|0|1|15|2440|B, EC, FS, FSA, G, KZN, L, LIM, M, N, NC, NW, S, SA, WC
POACEAE|Cymbopogon prolixus |Cymbopogon prolixus (Stapf) E.Phillips|LC|No||Perennial|Graminoid|0|1.2|20|2200|EC, FS, FSA, KZN, L, M, NC, NW, SA, WC
POACEAE|Cynodon dactylon|Cynodon dactylon (L.) Pers.|LC|No||Perennial|Graminoid|0.05|0.34|1|2000|B, EC, FS, FSA, G, KZN, L, LIM, M, N, NC, NW, S, SA, WC
POACEAE|Cynodon incompletus|Cynodon incompletus Nees|LC|No||Perennial|Graminoid|0.05|0.3|100|2000|EC, FS, FSA, NC, NW, SA, WC
CYPERACEAE|Cyperus albostriatus |Cyperus albostriatus Schrad.|LC|No||Perennial|Cyperoid, herb, mesophyte|0.17|0.75|5|2130|EC, FSA, G, KZN, L, LIM, M, NW, S, SA
CYPERACEAE|Cyperus owanii|Cyperus owanii Boeckeler|LC|No||Perennial|Cyperoid, herb, mesophyte|0|2.79|700|1800|EC, FSA, KZN, LIM, M, SA
CYPERACEAE|Cyperus pulcher |Cyperus pulcher Thunb.|LC|No||Perennial|Cyperoid, helophyte, herb, mesophyte|0.3|0.75|365|1250|EC, FSA, KZN, SA
CYPERACEAE|Cyperus rubicundus |Cyperus rubicundus Vahl|LC|No||Annual (occ. perennial)|Cyperoid, herb, mesophyte|0.01|0.2|60|1400|EC, FSA, G, KZN, LIM, M, N, NW, S, SA
CYPERACEAE|Cyperus semitrifidus |Cyperus semitrifidus Schrad.|LC|No||Perennial|Cyperoid, herb, mesophyte|0.05|0.25|90|2700|EC, FS, FSA, G, KZN, L, LIM, M, NW, S, SA
VITACEAE|Cyphostemma quinatum |Cyphostemma quinatum (Dryand.) Desc. ex Wild & R.B.Drumm.|LC|No||Perennial|Climber, succulent|0|0|320|1000|EC, FSA, KZN, SA
AMARYLLIDACEAE|Cyrtanthus smithiae |Cyrtanthus smithiae Watt ex Harv.|LC|No||Perennial|Geophyte|0.15|0.3|0|300|EC, FSA, SA
DRYOPTERIDACEAE|Cyrtomium pseudocaryotideum |Cyrtomium pseudocaryotideum J.P.Roux||No||[No lifecycle defined]|[No lifeform defined]|0|0|0|0|EC, FSA, KZN, M, SA
WOODSIACEAE|Cystopteris fragilis |Cystopteris fragilis (L.) Bernh. subsp. fragilis|LC|No||Perennial|Geophyte, herb|0.1|0.18|1000|2500|EC, FS, FSA, KZN, L, LIM, M, SA, WC
SCROPHULARIACEAE|Diascia rigescens |Diascia rigescens E.Mey. ex Benth.|LC|No||Perennial|Herb|0.3|1.29|305|1675|EC, FSA, KZN, SA
CONVOLVULACEAE|Dichondra miricantha|Dichondra miricantha||||Perennial|Creeper|||||Exotic
POACEAE|Digitaria eriantha |Digitaria eriantha Steud.|LC|No||Perennial|Graminoid|0|1.39|5|2440|B, EC, FS, FSA, G, KZN, L, LIM, M, N, NC, NW, S, SA, WC
POACEAE|Digitaria sanguinalis |Digitaria sanguinalis (L.) Scop.|Not Evaluated|No||Annual|Graminoid|0.2|0.6|5|2200|B, EC, FS, FSA, G, KZN, L, LIM, M, N, NC, NW, SA, WC
DIOSCOREACEAE|Dioscorea sylvatica |Dioscorea sylvatica Eckl.|VU|No| Dioscorea sylvatica var. brevipes, Dioscorea sylvatica var. multiflora, Dioscorea sylvatica var. paniculata, Dioscorea sylvatica var. rehmannii, Dioscorea sylvatica var. sylvatica|[No lifecycle defined]|[No lifeform defined]|0|0|0|0|[No distribution defined]
EBENACEAE|Diospyros dichrophylla |Diospyros dichrophylla (Gand.) De Winter|LC|No||Perennial|Shrub, tree|1|13|10|1500|EC, FSA, KZN, LIM, S, SA, WC
EBENACEAE|Diospyros lycioides |Diospyros lycioides Desf. subsp. lycioides|LC|No||Perennial|Shrub|0.6|7|30|2700|B, EC, FS, FSA, G, L, LIM, M, N, NC, NW, SA, WC
ORCHIDACEAE|Disa crassicornis |Disa crassicornis Lindl.|LC|No||Perennial|Geophyte, herb|0.4|1.14|1000|2700|EC, FSA, KZN, L, SA
ORCHIDACEAE|Disa versicolor |Disa versicolor Rchb.f.|LC|No||Perennial|Geophyte, herb|0.2|0.69|0|2400|EC, FS, FSA, G, KZN, L, LIM, M, S, SA
SINOPTERIDACEAE|Doryopteris concolor|Doryopteris concolor (Langsd. & Fisch.) Kuhn|LC|No||Perennial|Geophyte, herb|0.2|0.3|100|200|B, EC, FSA, KZN, LIM, M, N, NW, S, SA, WC
HYACINTHACEAE|Drimia altissima |Drimia altissima (L.f.) Ker Gawl.|Declining|No||Perennial|Geophyte, succulent|1|2.5|50|915|B, EC, FS, FSA, G, KZN, LIM, M, N, NW, S, SA
MESEMBRYANTHEMACEAE|Drosanthemum floribundum |Drosanthemum floribundum (Haw.) Schwantes|LC|No||Perennial|Succulent|0|0.3|20|100|FSA, SA, WC
MESEMBRYANTHEMACEAE|Drosanthemum hispidum |Drosanthemum hispidum (L.) Schwantes|LC|No||Perennial|Succulent|0.3|0.6|0|1600|EC, FS, FSA, N, NC, SA, WC
DRYOPTERIDACEAE|Dryopteris lewalleana |Dryopteris lewalleana Pic.Serm.|LC|No||Perennial|Geophyte, herb, lithophyte|0.3|0.89|200|1800|EC, FS, FSA, G, KZN, LIM, M, S, SA, WC
POACEAE|Echinochloa colona |Echinochloa colona (L.) Link|LC|No||Annual|Graminoid|0|1.5|5|1800|B, EC, FS, FSA, G, KZN, L, LIM, M, N, NC, NW, S, SA
BORAGINACEAE|Ehretia rigida |Ehretia rigida (Thunb.) Druce subsp. rigida|LC|No||Perennial|Shrub, tree|0|4|150|1400|EC, FSA, NC, SA, WC
CELASTRACEAE|Elaeodendron zeyheri |Elaeodendron zeyheri Spreng. ex Turcz.|LC|No||Perennial|Tree|2|10|200|1750|EC, FSA, KZN, LIM, SA
POACEAE|Elionurus muticus |Elionurus muticus (Spreng.) Kunth|LC|No||Perennial|Graminoid|0|1.2|15|2500|B, EC, FS, FSA, G, KZN, L, LIM, M, N, NC, NW, S, SA
ZAMIACEAE|Encephalartos cycadifolius|Encephalartos cycadifolius (Jacq.) Lehm.|LC|No||Perennial|Shrub|0.25|0.89|950|1600|EC, FSA, SA
ZAMIACEAE|Encephalartos lehmannii |Encephalartos lehmannii Lehm.|NT|No||Perennial|Shrub, tree|0.6|1.79|700|950|EC, FSA, SA, WC
POACEAE|Eragrostis caesia |Eragrostis caesia Stapf|LC|No||Perennial|Graminoid|0|0.6|1200|3000|EC, FS, FSA, KZN, L, LIM, M, S, SA
POACEAE|Eragrostis capensis |Eragrostis capensis (Thunb.) Trin.|LC|No||Perennial|Graminoid|0|0.89|5|2500|EC, FS, FSA, G, KZN, L, LIM, M, NC, NW, S, SA, WC
POACEAE|Eragrostis chloromelas |Eragrostis chloromelas Steud.|LC|No||Perennial|Graminoid|0|0.8|40|2500|EC, FS, FSA, G, KZN, L, LIM, M, NC, NW, S, SA
POACEAE|Eragrostis curvula |Eragrostis curvula (Schrad.) Nees|LC|No||Perennial|Graminoid|0|1.2|3|2500|B, EC, FS, FSA, G, KZN, L, LIM, M, N, NC, NW, S, SA, WC
POACEAE|Eragrostis lehmanniana |Eragrostis lehmanniana Nees var. lehmanniana|LC|No||Perennial|Graminoid|0|0.6|200|2300|B, EC, FS, FSA, G, KZN, LIM, M, N, NC, NW, SA, WC
POACEAE|Eragrostis obtusa|Eragrostis obtusa Munro ex Ficalho & Hiern|LC|No||Perennial|Graminoid|0|0.4|30|1900|EC, FS, FSA, G, L, LIM, NC, NW, SA, WC
ERICACEAE|Erica caespitosa |Erica caespitosa Hilliard & B.L.Burtt|LC|No||Perennial|Dwarf shrub|0|0.5|0|0|EC, FSA, KZN, L, SA
ERICACEAE|Erica gracilis |Erica gracilis J.C.Wendl.|LC|No||Perennial|Shrub|0|0.5|0|0|FSA, SA, WC
ERICACEAE|Erica rupicola |Erica rupicola Klotzsch|DDD|No||Perennial|Dwarf shrub|0|0|0|0|FSA, SA, WC
FABACEAE|Erythrina acanthocarpa |Erythrina acanthocarpa E.Mey.|LC|No||Perennial|Shrub, succulent|1|2|250|1500|EC, FSA, SA
EUPHORBIACEAE|Euphorbia caterviflora |Euphorbia caterviflora N.E.Br.|LC|No| Euphorbia rhombifolia|Perennial|Dwarf shrub, shrub, succulent|0.1|0.3|275|2000|EC, FS, FSA, NC, SA, WC
EUPHORBIACEAE|Euphorbia ornithopus |Euphorbia ornithopus Jacq.|LC|No| Euphorbia patula|Perennial|Dwarf shrub, succulent|0.01|0.05|610|945|EC, FSA, SA
ASTERACEAE|Euryops spathaceus |Euryops spathaceus DC.|LC|No||Perennial|Shrub|0.3|1.5|20|1465|EC, FSA, SA, WC
POACEAE|Eustachys paspaloides |Eustachys paspaloides (Vahl) Lanza & Mattei|LC|No||Perennial|Graminoid|0|0.94|30|1900|B, EC, FS, FSA, G, KZN, L, LIM, M, N, NC, NW, S, SA, WC
CONVOLVULACEAE|Falkia repens |Falkia repens Thunb.|LC|No||Perennial|Herb|0.01|0.1|5|1220|EC, FSA, SA, WC
ASTERACEAE|Felicia filifolia |Felicia filifolia (Vent.) Burtt Davy subsp. filifolia|LC|No||Perennial|Shrub|0.6|1.5|15|2450|EC, FS, FSA, G, KZN, L, M, NC, NW, SA, WC
ASTERACEAE|Felicia muricata |Felicia muricata (Thunb.) Nees subsp. muricata|LC|No||Perennial|Shrub|0.01|0.69|10|2600|B, EC, FS, FSA, G, KZN, L, LIM, M, N, NC, NW, S, SA, WC
POACEAE|Festuca caprina |Festuca caprina Nees||No| Festuca caprina|Perennial|Graminoid|0|1|600|3000|EC, FS, FSA, G, KZN, L, M, NW, S, SA, WC
CYPERACEAE|Ficinia fascicularis|Ficinia fascicularis Nees|LC|No||Perennial|Cyperoid, helophyte, herb, mesophyte|0.15|0.5|5|1830|EC, FSA, KZN, SA, WC
CYPERACEAE|Ficinia stolonifera |Ficinia stolonifera Boeckeler|LC|No||Perennial|Cyperoid, herb, mesophyte|0.02|0.47|215|2440|EC, FS, FSA, G, KZN, L, LIM, M, S, SA, WC
POACEAE|Fingerhuthia sesleriiformis |Fingerhuthia sesleriiformis Nees|LC|No||Perennial|Graminoid|0|1.2|200|2800|EC, FS, FSA, G, KZN, L, M, NC, NW, SA, WC
FUMARIACEAE|Fumaria muralis |Fumaria muralis Sond. ex W.D.J.Koch subsp. muralis|Not Evaluated|No||Perennial|Herb|0|0.5|5|2285|EC, FS, FSA, G, KZN, LIM, NC, SA, WC
ASPHODELACEAE|Gasteria bicolor |Gasteria bicolor Haw. var. bicolor|LC|No||Perennial|Herb, succulent|0.07|0.21|18|610|EC, FSA, SA
ASPHODELACEAE|Gasteria pulchra |Gasteria pulchra (Aiton) Haw.|LC|No||Perennial|Herb, succulent|0.2|0.36|0|305|EC, FSA, SA
ASTERACEAE|Gazania rigens|Gazania rigens (L.) Gaertn. var. uniflora (L.f.) Roessler|LC|No||Perennial|Herb|0|0|3|60|EC, FSA, KZN, S, SA, WC
GERANIACEAE|Geranium baurianum |Geranium baurianum R.Knuth|LC|No||Perennial|Herb|0.1|0.6|152|1768|EC, FSA, KZN, SA
APOCYNACEAE|Gomphocarpus fruticosus|Gomphocarpus fruticosus (L.) Aiton f. subsp. fruticosus|LC|No||Annual (occ. perennial)|Herb, shrub|0.8|4|45|1500|B, EC, FS, FSA, G, KZN, L, LIM, M, N, NC, NW, S, SA, WC
BUDDLEJACEAE|Gomphostigma virgatum |Gomphostigma virgatum (L.f.) Baill.|LC|No||Perennial|Dwarf shrub, herb, shrub|0.3|2|110|2410|B, EC, FS, FSA, G, KZN, L, LIM, M, N, NC, NW, SA, WC
AMARANTHACEAE|Gomphrena celosioides|Gomphrena celosioides Mart.|Not Evaluated|No||Perennial|Herb|0.07|0.34|5|1830|B, EC, FS, FSA, G, KZN, L, LIM, M, N, NW, S, SA
MALVACEAE|Grewia occidentalis |Grewia occidentalis L. var. occidentalis|LC|No||Perennial|Shrub, tree|0|3|2|2075|EC, FS, FSA, G, KZN, L, LIM, M, NW, S, SA, WC
MALVACEAE|Grewia robusta|Grewia robusta Burch.|LC|No||Perennial|Shrub|0|3|20|1372|EC, FSA, SA, WC
MALVACEAE|Grewia robusta |Grewia robusta Burch.|LC|No||Perennial|Shrub|0|3|20|1372|EC, FSA, SA, WC
CELASTRACEAE|Gymnosporia buxifolia|Gymnosporia buxifolia (L.) Szyszyl.   |LC|No|Maytenus heterophylla|Perennial|Shrub, tree|0|7|0|2000|B, EC, FS, FSA, G, KZN, L, LIM, M, N, NC, NW, S, SA, WC
ORCHIDACEAE|Habenaria epipactidea |Habenaria epipactidea Rchb.f.|LC|No||Perennial|Geophyte, herb|0.11|0.61|61|2400|B, EC, FS, FSA, G, KZN, L, LIM, M, N, NW, S, SA
ORCHIDACEAE|Habenaria lithophila |Habenaria lithophila Schltr.|LC|No||Perennial|Geophyte, herb|0|0.34|366|2900|EC, FS, FSA, G, KZN, L, M, SA, WC
AMARYLLIDACEAE|Haemanthus montanus |Haemanthus montanus Baker|LC|No||Perennial|Geophyte|0.15|0.25|0|0|B, EC, FS, FSA, G, KZN, M, NW, SA
POACEAE|Harpochloa falx |Harpochloa falx (L.f.) Kuntze|LC|No||Perennial|Graminoid|0.4|0.89|30|3200|EC, FS, FSA, G, KZN, L, LIM, M, NW, S, SA, WC
ASPHODELACEAE|Haworthia bolusii  |Haworthia bolusii Baker var. blackbeardiana (Poelln.) M.B.Bayer|LC|No||Perennial|Succulent|0.05|0.34|500|1000|EC, FS, FSA, NC, SA
ASPHODELACEAE|Haworthia cooperi|Haworthia cooperi Baker var. dielsiana (Poelln.) M.B.Bayer|LC|No||Perennial|Succulent|0.01|0.36|500|1500|EC, FSA, SA
ASPHODELACEAE|Haworthia cymbiformis |Haworthia cymbiformis (Haw.) Duval var. obtusa (Haw.) Baker|DDT|No||Perennial|Succulent|0.02|0.12|500|1500|EC, FSA, SA
ASPHODELACEAE|Haworthia limifolia |Haworthia limifolia Marloth var. ubomboensis (I.Verd.) G.G.Sm.||No||Perennial|Succulent|0.02|0.3|0|610|FSA, S
ASPHODELACEAE|Haworthia nigra |Haworthia nigra (Haw.) Baker var. nigra|LC|No||Perennial|Succulent|0.15|0.52|300|765|EC, FSA, SA, WC
ASPHODELACEAE|Haworthia virella |Haworthia virella (M.B.Bayer) M.Hayashi|LC|No||Perennial|Succulent|0|0|0|0|EC, FSA, SA
ASTERACEAE|Helichrysum argyrophyllum |Helichrysum argyrophyllum DC.|LC|No||Perennial|Dwarf shrub|0.05|0.15|765|1675|EC, FSA, SA
ASTERACEAE|Helichrysum asperum |Helichrysum asperum (Thunb.) Hilliard & B.L.Burtt var. appressifolium (Moeser) Hilliard|LC|No||Perennial|Dwarf shrub|0.1|0.3|170|1535|EC, FSA, SA
ASTERACEAE|Helichrysum dasycephalum |Helichrysum dasycephalum O.Hoffm.|LC|No||Perennial|Dwarf shrub|0.1|0.5|1000|2500|EC, FS, FSA, L, SA
ASTERACEAE|Helichrysum hamulosum |Helichrysum hamulosum E.Mey. ex DC.|LC|No||Perennial|Dwarf shrub, shrub|0.3|0.75|365|1860|EC, FSA, NC, SA, WC
ASTERACEAE|Helichrysum lineare |Helichrysum lineare DC.|LC|No||Perennial|Herb|0.07|0.15|730|1980|B, EC, FS, FSA, G, KZN, L, LIM, N, NC, NW, SA, WC
ASTERACEAE|Helichrysum odoratissimum |Helichrysum odoratissimum (L.) Sweet var. odoratissimum|Not Evaluated|No||Perennial|Herb, shrub|0.2|1.75|5|3050|EC, FS, FSA, KZN, L, LIM, M, S, SA, WC
ASTERACEAE|Helichrysum rosum |Helichrysum rosum (P.J.Bergius) Less. var. arcuatum Hilliard|LC|No||Perennial|Dwarf shrub|0.15|0.3|50|1220|EC, FS, FSA, SA
ASTERACEAE|Helichrysum teretifolium |Helichrysum teretifolium (L.) D.Don|LC|No||Perennial|Dwarf shrub, shrub|0.1|0.3|5|1645|EC, FSA, KZN, SA, WC
ASTERACEAE|Helichrysum umbraculigerum |Helichrysum umbraculigerum Less.|LC|No||Perennial|Herb|0.25|1|5|2440|EC, FS, FSA, KZN, L, LIM, M, SA
ASTERACEAE|Helichrysum zeyheri |Helichrysum zeyheri Less.|LC|No||Perennial|Dwarf shrub, shrub|0.1|1|185|2479|B, EC, FS, FSA, L, LIM, N, NC, NW, SA, WC
POACEAE|Helictotrichon capense |Helictotrichon capense Schweick.|LC|No||Perennial|Graminoid|0|1|20|2195|EC, FSA, SA, WC
POACEAE|Helictotrichon galpinii |Helictotrichon galpinii Schweick.|LC|No||Perennial|Graminoid|0|0.6|2000|3000|EC, FSA, KZN, L, SA
POACEAE|Helictotrichon turgidulum |Helictotrichon turgidulum (Stapf) Schweick.|LC|No||Perennial|Graminoid|0|1|200|3200|EC, FS, FSA, G, KZN, L, LIM, M, NC, NW, S, SA, WC
MALVACEAE|Hermannia glabrata|Hermannia glabrata L.f.|LC|No||Perennial|Dwarf shrub|0.15|0.75|15|1465|EC, FSA, KZN, NC, SA, WC
MALVACEAE|Hermannia gracilis |Hermannia gracilis Eckl. & Zeyh.|LC|No||Perennial|Dwarf shrub, shrub|0.5|1.2|91|1035|EC, FSA, NC, SA, WC
MALVACEAE|Hermannia velutina |Hermannia velutina DC.|LC|No||Perennial|Dwarf shrub, shrub|0.69|3|5|1125|EC, FSA, KZN, S, SA, WC
POACEAE|Heteropogon contortus|Heteropogon contortus (L.) Roem. & Schult.|LC|No||Perennial|Graminoid|0|1|5|2500|B, EC, FS, FSA, G, KZN, L, LIM, M, N, NC, NW, S, SA, WC
MALVACEAE|Hibiscus pusillus |Hibiscus pusillus Thunb.|LC|No||Perennial|Herb|0.05|0.5|15|2100|B, EC, FS, FSA, G, KZN, L, LIM, M, N, NC, NW, S, SA, WC
POACEAE|Holcus lanatus|Holcus lanatus L.|Not Evaluated|No||Perennial|Graminoid|0|1|100|2200|EC, FSA, G, KZN, LIM, M, SA, WC
POACEAE|Hyparrhenia anamesa |Hyparrhenia anamesa Clayton|LC|No||Perennial|Graminoid|0|1.2|5|2800|EC, FS, FSA, G, KZN, L, LIM, M, NW, S, SA, WC
POACEAE|Hyparrhenia dregeana |Hyparrhenia dregeana (Nees) Stapf ex Stent|LC|No||Perennial|Graminoid|0|2|400|2200|EC, FS, FSA, G, KZN, L, LIM, M, N, NW, S, SA
POACEAE|Hyparrhenia hirta |Hyparrhenia hirta (L.) Stapf|LC|No||Perennial|Graminoid|0|1|5|2600|B, EC, FS, FSA, G, KZN, L, LIM, M, N, NC, NW, S, SA, WC
ACANTHACEAE|Hypoestes forskaolii |Hypoestes forskaolii (Vahl) R.Br.|LC|No||Perennial|Herb|0.2|1|3|1950|B, EC, FS, FSA, G, KZN, LIM, M, N, NC, NW, S, SA, WC
HYPOXIDACEAE|Hypoxis argentea |Hypoxis argentea Harv. ex Baker var. argentea|LC|No||Perennial|Geophyte|0.07|0.25|50|2100|EC, FS, FSA, G, KZN, L, LIM, M, NW, S, SA, WC
FABACEAE|Indigofera alternans |Indigofera alternans DC. var. alternans|LC|No||Perennial|Herb|0.01|2|155|1600|B, EC, FS, FSA, G, LIM, N, NC, NW, SA, WC
FABACEAE|Indigofera denudata|Indigofera denudata L.f.|LC|No||Perennial|Shrub|0.4|1.5|5|915|EC, FSA, SA
FABACEAE|Indigofera disticha |Indigofera disticha Eckl. & Zeyh.|LC|No||Perennial|Climber, herb|0.6|1.2|15|1144|EC, FSA, SA
FABACEAE|Indigofera sessilifolia |Indigofera sessilifolia DC.|LC|No||Perennial|Dwarf shrub, herb|0.15|0.89|230|2000|EC, FS, FSA, N, NC, NW, SA
CONVOLVULACEAE|Ipomoea crispa |Ipomoea crispa (Thunb.) Hallier f.|LC|No||Perennial|Herb|0|0|545|800|EC, FSA, SA
CYPERACEAE|Isolepis costata |Isolepis costata Hochst. ex A.Rich.|LC|No||Perennial|Cyperoid, helophyte, herb|0.1|0.64|230|5540|B, EC, FS, FSA, G, KZN, L, LIM, M, N, NC, NW, S, SA, WC
CYPERACEAE|Isolepis diabolica |Isolepis diabolica (Steud.) Schrad.|LC|No||Perennial|Cyperoid, helophyte, herb|0|0.36|40|2195|EC, FSA, KZN, NC, SA, WC
JUNCACEAE|Juncus effusus |Juncus effusus L.|LC|No||Perennial|Helophyte, herb|0.44|1|2|2050|EC, FS, FSA, G, KZN, L, LIM, M, NW, SA, WC
JUNCACEAE|Juncus oxycarpus |Juncus oxycarpus E.Mey. ex Kunth|LC|No||Perennial|Helophyte, herb|0.05|1|5|2439|B, EC, FS, FSA, G, KZN, L, LIM, M, N, NC, NW, S, SA, WC
CRASSULACEAE|Kalanchoe paniculata |Kalanchoe paniculata Harv.|LC|No||Perennial|Shrub, succulent|0|1.2|50|1800|B, EC, FS, FSA, G, KZN, LIM, M, N, NC, NW, S, SA
POACEAE|Karroochloa curva |Karroochloa curva (Nees) Conert & Türpe||No| Tribolium curvum|Perennial|Graminoid|0|0.4|10|2500|EC, FS, FSA, SA, WC
ASPHODELACEAE|Kniphofia triangularis |Kniphofia triangularis Kunth subsp. triangularis|LC|No||Perennial|Herb|0.3|1|910|2895|EC, FS, FSA, KZN, L, SA
ASPHODELACEAE|Kniphofia uvaria |Kniphofia uvaria (L.) Oken|LC|No||Perennial|Herb|0|1.2|15|2285|FSA, NC, SA, WC
POACEAE|Koeleria capensis |Koeleria capensis (Steud.) Nees|LC|No|Koeleria cristata|Perennial|Graminoid|0.15|0.8|15|3500|EC, FS, FSA, G, KZN, L, LIM, M, S, SA, WC
MESEMBRYANTHEMACEAE|Lampranthus stayneri |Lampranthus stayneri (L.Bolus) N.E.Br.|LC|No||Perennial|Succulent|0|0.34|190|450|EC, FSA, SA
ASTERACEAE|Lasiospermum bipinnatum |Lasiospermum bipinnatum (Thunb.) Druce|LC|No||Perennial|Herb|0|0.6|120|2400|EC, FS, FSA, G, L, NC, NW, SA, WC
BRASSICACEAE|Lepidium africanum |Lepidium africanum (Burm.f.) DC. subsp. divaricatum (Aiton) Jonsell|LC|No||Perennial|Herb|0.2|1|400|1700|EC, FS, FSA, L, N, NC, NW, SA, WC
POACEAE|Leptochloa fusca |Leptochloa fusca (L.) Kunth|LC|No||Perennial|Graminoid|0|1.54|2|2000|B, EC, FS, FSA, G, KZN, LIM, M, N, NC, NW, S, SA, WC
LAMIACEAE|Leucas capensis |Leucas capensis (Benth.) Engl.|LC|No||Perennial|Dwarf shrub|0.25|1.5|30|1465|B, EC, FSA, G, KZN, LIM, M, N, NC, NW, S, SA
ROSACEAE|Leucosidea sericea |Leucosidea sericea Eckl. & Zeyh.|LC|No||Perennial|Shrub|2|7|900|2700|EC, FS, FSA, G, KZN, L, LIM, M, NW, SA
LINACEAE|Linum aethiopicum |Linum aethiopicum Thunb.|LC|No||Perennial|Dwarf shrub, herb|0.3|0.91|5|765|EC, FSA, SA, WC
VERBENACEAE|Lippia scaberrima|Lippia scaberrima Sond.|LC|No||Perennial|Herb|0.3|0.6|765|1800|B, FS, FSA, G, M, NC, NW, SA
LOBELIACEAE|Lobelia flaccida|Lobelia flaccida (C.Presl) A.DC. subsp. flaccida|LC|No||Annual (occ. perennial)|Herb|0.15|1|15|2500|EC, FS, FSA, G, KZN, L, LIM, M, NC, NW, S, SA, WC
FABACEAE|Lotononis tenella |Lotononis tenella (E.Mey.) Eckl. & Zeyh.|LC|No||Perennial|Herb|0|0.02|15|1800|EC, FS, FSA, G, L, NW, SA, WC
SOLANACEAE|Lycium schizocalyx |Lycium schizocalyx C.H.Wright|LC|No||Perennial|Dwarf shrub, shrub|0.5|2|610|1600|B, EC, FS, FSA, LIM, N, NC, NW, SA, WC
MESEMBRYANTHEMACEAE|Malephora crassa |Malephora crassa (L.Bolus) H.Jacobsen & Schwantes|LC|No||Perennial|Succulent|0|0.3|470|600|FSA, NC, SA, WC
FABACEAE|Medicago lupulina|Medicago lupulina L.|Not Evaluated|No||Annual (occ. perennial)|Herb|0|0.1|650|1550|EC, FSA, G, KZN, LIM, M, NW, SA, WC
MALVACEAE|Melhania didyma |Melhania didyma Eckl. & Zeyh.|LC|No||Perennial|Dwarf shrub|0.21|0.6|40|1372|B, EC, FSA, KZN, LIM, M, NW, S, SA
POACEAE|Melica racemosa |Melica racemosa Thunb.|LC|No|Melica decumbens|Perennial|Graminoid|0.3|0.5|5|1500|EC, FS, FSA, G, KZN, L, M, NC, SA, WC
POACEAE|Melinis nerviglumis |Melinis nerviglumis (Franch.) Zizka|LC|No||Perennial|Graminoid|0|1.5|5|2400|B, EC, FS, FSA, G, KZN, L, LIM, M, N, NC, NW, S, SA, WC
POACEAE|Melinis repens |Melinis repens (Willd.) Zizka subsp. repens|LC|No||Annual (occ. perennial)|Graminoid|0|1.5|30|2400|B, EC, FS, FSA, G, KZN, L, LIM, M, N, NC, NW, S, SA, WC
POACEAE|Merxmuellera disticha |Merxmuellera disticha (Nees) Conert||No| Tenaxia disticha|Perennial|Graminoid|0|0.69|120|3300|EC, FS, FSA, KZN, L, SA, WC
POACEAE|Merxmuellera stricta |Merxmuellera stricta (Schrad.) Conert||No| Tenaxia stricta|Perennial|Graminoid|0.3|0.8|5|3300|EC, FSA, KZN, L, N, NC, SA, WC
MESEMBRYANTHEMACEAE|Mesembryanthemum aitonis|Mesembryanthemum aitonis Jacq.|LC|No||Annual or biennial|Succulent|0|0.2|20|1200|EC, FSA, NC, SA, WC
MESEMBRYANTHEMACEAE|Mesembryanthemum crystallinum|Mesembryanthemum crystallinum L.|LC|No||Annual|Succulent|0|0.5|20|1300|EC, FSA, N, NC, SA, WC
MESEMBRYANTHEMACEAE|Mestoklema tuberosum |Mestoklema tuberosum (L.) N.E.Br. ex Glen|LC|No||Perennial|Succulent|0|0.6|100|800|EC, FSA, SA
IRIDACEAE|Moraea reticulata |Moraea reticulata Goldblatt|LC|No||Perennial|Geophyte, herb|0.69|0.89|0|1525|EC, FSA, SA
IRIDACEAE|Moraea spathulata |Moraea spathulata (L.f.) Klatt|LC|No||Perennial|Geophyte, herb|0.37|1.51|30|2745|EC, FS, FSA, KZN, L, M, S, SA, WC
POLYGALACEAE|Muraltia alopecuroides |Muraltia alopecuroides (L.) DC.|LC|No||Perennial|Dwarf shrub, shrub|0.2|1|0|2100|EC, FSA, SA, WC
POLYGALACEAE|Muraltia macowanii|Muraltia macowanii Levyns|LC|No||Perennial|Dwarf shrub, shrub|0.4|1.21|155|1160|FSA, SA, WC
POLYGALACEAE|Muraltia mixta |Muraltia mixta (L.f.) DC.|DDD|No||Perennial|Dwarf shrub|0|0.15|230|1675|FSA, SA, WC
POACEAE|Nassella neesiana |Nassella neesiana (Trin. & Rupr.) Barkworth|Not Evaluated|No||Perennial|Graminoid|0|1|600|1700|EC, FS, FSA, SA
BRASSICACEAE|Nasturtium officinale |Nasturtium officinale R.Br.|Not Evaluated|No||Perennial|Herb|0.15|0.6|50|2300|EC, FS, FSA, G, KZN, L, LIM, M, NW, SA, WC
NECKERACEAE|Neckera valentiniana |Neckera valentiniana Besch.||No||Perennial|Bryophyte, epiphyte|0|0|20|2000|EC, FSA, KZN, L, LIM, M, NW, SA, WC
SCROPHULARIACEAE|Nemesia melissifolia|Nemesia melissifolia Benth.|LC|No||Annual|Herb|0.1|0.6|20|2135|EC, FSA, KZN, NC, S, SA, WC
AMARYLLIDACEAE|Nerine undulata |Nerine undulata (L.) Herb.|LC|No||Perennial|Geophyte|0|0.3|400|1400|EC, FSA, SA
LAMIACEAE|Ocimum canum |Ocimum canum Sims||No| Ocimum americanum var. americanum|Perennial|Herb, shrub|0.15|0.5|10|1650|B, FSA, KZN, N, S, SA
OLEACEAE|Olea africana |Olea africana Mill.||No| Olea europaea subsp. africana|[No lifecycle defined]|[No lifeform defined]|0|0|0|0|[No distribution defined]
ASTERACEAE|Oligocarpus calendulaceus |Oligocarpus calendulaceus (L.f.) Less.|LC|No||Annual|Herb|0|0|20|1465|EC, FSA, KZN, NC, SA, WC
POACEAE|Oplismenus hirtellus |Oplismenus hirtellus (L.) P.Beauv.|LC|No||Perennial|Graminoid, scrambler|0|1|10|1600|EC, FSA, KZN, LIM, M, NW, S, SA, WC
CACTACEAE|Opuntia aurantiaca |Opuntia aurantiaca Lindl.|Not Evaluated|No||Perennial|Shrub, succulent|0|1|0|1750|EC, FS, FSA, G, KZN, M, NC, NW, SA, WC
HYACINTHACEAE|Ornithogalum fimbrimarginatum |Ornithogalum fimbrimarginatum F.M.Leight.||No| Ornithogalum dubium|Perennial|Geophyte|0.2|0.44|305|1220|EC, FSA, SA, WC
HYACINTHACEAE|Ornithogalum graminifolium |Ornithogalum graminifolium Thunb.|LC|No||Perennial|Geophyte|0.11|0.75|5|2745|EC, FS, FSA, KZN, L, SA, WC
FABACEAE|Otholobium caffrum |Otholobium caffrum (Eckl. & Zeyh.) C.H.Stirt.|LC|No||Perennial|Shrub|0|2|550|3000|EC, FSA, KZN, SA
FABACEAE|Otholobium stachyerum |Otholobium stachyerum (Eckl. & Zeyh.) C.H.Stirt.|LC|No||Perennial|Shrub|0|3|200|1450|EC, FSA, SA, WC
OXALIDACEAE|Oxalis corniculata |Oxalis corniculata L.|Not Evaluated|No||Annual|Herb|0.01|0.05|5|2208|B, EC, FS, FSA, G, KZN, L, LIM, M, NC, NW, S, SA, WC
OXALIDACEAE|Oxalis semiloba |Oxalis semiloba Sond. subsp. semiloba|LC|No||Perennial|Geophyte|0.12|0.2|0|1705|B, EC, FS, FSA, G, LIM, M, N, SA
POACEAE|Panicum coloratum|Panicum coloratum L. var. coloratum|LC|No||Perennial|Graminoid|0|1|4|2300|B, EC, FS, FSA, G, KZN, LIM, M, N, NC, NW, S, SA
POACEAE|Panicum deustum |Panicum deustum Thunb.|LC|No||Perennial|Graminoid|0|2.5|5|2400|B, EC, FS, FSA, G, KZN, LIM, M, S, SA, WC
POACEAE|Panicum maximum|Panicum maximum Jacq.|LC|No||Perennial|Graminoid|0|2.5|20|2100|B, EC, FS, FSA, G, KZN, LIM, M, N, NC, NW, S, SA, WC
POACEAE|Panicum maximum |Panicum maximum Jacq.|LC|No||Perennial|Graminoid|0|2.5|20|2100|B, EC, FS, FSA, G, KZN, LIM, M, N, NC, NW, S, SA, WC
POACEAE|Panicum stapfianum |Panicum stapfianum Fourc.|LC|No||Perennial|Graminoid|0|0.89|100|1700|B, EC, FS, FSA, G, L, LIM, N, NC, NW, SA, WC
METEORIACEAE|Papillaria africana |Papillaria africana (Müll.Hal.) A.Jaeger||No||Perennial|Bryophyte, epiphyte|0|0|50|2050|EC, FSA, KZN, LIM, M, S, SA, WC
SAPINDACEAE|Pappea capensis |Pappea capensis Eckl. & Zeyh.|LC|No||Perennial|Shrub, tree|1|13|30|1740|B, EC, FS, FSA, G, KZN, LIM, M, N, NC, NW, S, SA, WC
POACEAE|Paspalum dilatatum |Paspalum dilatatum Poir.|Not Evaluated|No||Perennial|Graminoid|0.3|1.79|5|2200|EC, FS, FSA, G, KZN, L, LIM, M, NC, NW, S, SA, WC
POACEAE|Paspalum distichum|Paspalum distichum L.|LC|No||Perennial|Graminoid|0.1|0.6|1|1815|EC, FS, FSA, G, KZN, L, LIM, M, N, NC, NW, S, SA, WC
THYMELAEACEAE|Passerina filiformis |Passerina filiformis L. subsp. filiformis|LC|No||Perennial|Shrub|0|2|30|1951|FSA, SA, WC
MALVACEAE|Pavonia praemorsa |Pavonia praemorsa (L.f.) Cav.|LC|No||Perennial|Shrub|0.02|2.03|15|765|EC, FSA, SA
GERANIACEAE|Pelargonium abrotanifolium |Pelargonium abrotanifolium (L.f.) Jacq.|LC|No||Perennial|Dwarf shrub, shrub|0.4|1|37|2196|EC, FS, FSA, SA, WC
GERANIACEAE|Pelargonium alchemilloides|Pelargonium alchemilloides (L.) L'Hér.|LC|No||Perennial|Dwarf shrub|0.2|1.5|3|3000|EC, FS, FSA, G, KZN, L, LIM, M, NW, S, SA, WC
GERANIACEAE|Pelargonium aridum |Pelargonium aridum R.A.Dyer|LC|No||Perennial|Dwarf shrub, succulent|0.1|0.5|519|1830|EC, FS, FSA, L, NW, SA
GERANIACEAE|Pelargonium ionidiflorum |Pelargonium ionidiflorum (Eckl. & Zeyh.) Steud.|LC|No||Perennial|Shrub|0.1|0.5|167|915|EC, FSA, SA
GERANIACEAE|Pelargonium odoratissimum |Pelargonium odoratissimum (L.) L'Hér.|LC|No||Perennial|Dwarf shrub|0.1|0.3|15|1372|EC, FSA, KZN, M, S, SA, WC
GERANIACEAE|Pelargonium tetragonum |Pelargonium tetragonum (L.f.) L'Hér.|LC|No||Perennial|Scrambler, succulent|0.1|0.25|250|1035|FSA, SA, WC
GERANIACEAE|Pelargonium zonale |Pelargonium zonale (L.) L'Hér.|LC|No||Perennial|Scrambler, shrub, succulent|1|3|61|1800|EC, FSA, KZN, SA, WC
POACEAE|Pennisetum sphacelatum |Pennisetum sphacelatum (Nees) T.Durand & Schinz|LC|No||Perennial|Graminoid|0|1|40|3000|EC, FS, FSA, G, KZN, L, M, S, SA, WC
POACEAE|Pentaschistis tysonii |Pentaschistis tysonii Stapf||No| Pentameris tysonii|Perennial|Graminoid|0.3|0.5|900|2800|EC, FS, FSA, KZN, SA
ASTERACEAE|Pentzia cooperi |Pentzia cooperi Harv.|LC|No||Perennial|Shrub|0.3|1.5|1000|3320|EC, FS, FSA, G, KZN, L, M, SA
ACANTHACEAE|Peristrophe cernua |Peristrophe cernua Hook. ex Nees|LC|No||Perennial|Suffrutex|0.3|1.79|30|1065|EC, FSA, KZN, SA
POLYGONACEAE|Persicaria lapathifolia |Persicaria lapathifolia (L.) Gray|Not Evaluated|No||Annual|Helophyte, herb, hydrophyte|0.1|3|5|2385|B, EC, FS, FSA, G, KZN, LIM, M, N, NC, NW, S, SA, WC
MESEMBRYANTHEMACEAE|Phyllobolus grossus |Phyllobolus grossus (Aiton) Gerbaulet|LC|No||Perennial|Geophyte, succulent|0|0.15|300|1100|EC, FSA, SA, WC
APIACEAE|Pimpinella caffra |Pimpinella caffra (Eckl. & Zeyh.) D.Dietr.|LC|No||Perennial|Herb|0.3|0.8|10|3275|EC, FSA, KZN, L, LIM, M, S, SA
LAMIACEAE|Plectranthus ambiguus |Plectranthus ambiguus (Bolus) Codd|LC|No||Perennial|Dwarf shrub, herb|0.4|1.2|5|1645|EC, FSA, G, KZN, M, S, SA
LAMIACEAE|Plectranthus grallatus |Plectranthus grallatus Briq.|LC|No||Perennial|Herb|0.4|1.5|565|2200|EC, FS, FSA, G, KZN, L, LIM, M, SA
LAMIACEAE|Plectranthus verticillatus |Plectranthus verticillatus (L.f.) Druce|LC|No||Perennial|Herb, succulent|0|0.5|3|1770|EC, FSA, G, KZN, LIM, M, S, SA, WC
POLYPODIACEAE|Pleopeltis macrocarpa |Pleopeltis macrocarpa (Bory ex Willd.) Kaulf.|LC|No||Perennial|Epiphyte, herb, lithophyte|0.05|0.2|50|1900|EC, FS, FSA, G, KZN, L, LIM, M, S, SA, WC
POLYPODIACEAE|Pleopeltis polypodioides |Pleopeltis polypodioides (L.) E.G.Andrews & Windham subsp. ecklonii (Kunze) J.P.Roux|LC|No||[No lifecycle defined]|Epiphyte, herb, lithophyte|0.02|0.2|200|1700|FSA, S, SA
CELASTRACEAE|Pleurostylia capensis|Pleurostylia capensis (Turcz.) Loes.|LC|No||Perennial|Shrub, tree|2|18|30|1640|EC, FSA, KZN, LIM, M, S, SA
PLUMBAGINACEAE|Plumbago capensis |Plumbago capensis Thunb.||No| Plumbago auriculata|[No lifecycle defined]|[No lifeform defined]|0|0|0|0|[No distribution defined]
POACEAE|Poa annua|Poa annua L.|Not Evaluated|No||Annual|Graminoid|0.01|0.3|3|2900|EC, FS, FSA, G, KZN, L, LIM, M, N, NC, NW, S, SA, WC
POACEAE|Poa binata |Poa binata Nees|LC|No||Perennial|Graminoid|0.15|0.6|30|3300|EC, FS, FSA, KZN, L, M, SA
POACEAE|Poa pratensis|Poa pratensis L.|Not Evaluated|No||Perennial|Graminoid|0.25|0.6|15|2800|EC, FS, FSA, G, KZN, L, M, SA, WC
PODOCARPACEAE|Podocarpus latifolius |Podocarpus latifolius (Thunb.) R.Br. ex Mirb.|LC|No||Perennial|Tree|1|40|10|2200|EC, FS, FSA, KZN, LIM, M, S, SA, WC
POLYGALACEAE|Polygala macowaniana |Polygala macowaniana Paiva|LC|No||Annual|Herb|0|0.3|0|0|EC, FSA, KZN, SA
POLYGALACEAE|Polygala ohlendorfiana |Polygala ohlendorfiana Eckl. & Zeyh.|LC|No||Perennial|Herb|0.05|0.25|20|2250|EC, FS, FSA, G, KZN, L, LIM, M, S, SA
POLYGALACEAE|Polygala virgata |Polygala virgata Thunb. var. virgata|LC|No||Perennial|Dwarf shrub, shrub|0|1.5|0|80|EC, FS, FSA, G, LIM, M, NC, S, SA, WC
POLYPODIACEAE|Polypodium vulgare|Polypodium vulgare L.|LC|No||Perennial|Epiphyte, herb, lithophyte|0.07|0.2|915|2428|EC, FS, FSA, KZN, L, M, SA, WC
POACEAE|Polypogon monspeliensis |Polypogon monspeliensis (L.) Desf.|Not Evaluated|No||Annual|Graminoid|0.05|0.5|5|1700|B, EC, FS, FSA, G, KZN, N, NC, SA, WC
DRYOPTERIDACEAE|Polystichum incongruum |Polystichum incongruum J.P.Roux|LC|No||Perennial|Geophyte, herb|0.3|0.94|100|1350|EC, FSA, SA, WC
DRYOPTERIDACEAE|Polystichum pungens |Polystichum pungens (Kaulf.) C.Presl|LC|No||Perennial|Geophyte, herb|0.34|0.55|300|2150|EC, FSA, KZN, LIM, M, S, SA, WC
PRIONODONTACEAE|Prionodon densus |Prionodon densus (Sw. ex Hedw.) Müll.Hal.||No||Perennial|Bryophyte, epiphyte|0|0|900|1800|EC, FSA, KZN, LIM, M, SA
MESEMBRYANTHEMACEAE|Psilocaulon granulicaule |Psilocaulon granulicaule (Haw.) Schwantes|LC|No||Perennial (occ. annual)|Succulent|0|0.25|20|1500|EC, FS, FSA, N, NC, SA, WC
PTAEROXYLACEAE|Ptaeroxylon obliquum |Ptaeroxylon obliquum (Thunb.) Radlk.|LC|No||Perennial|Tree|0.1|30|30|1370|B, EC, FSA, KZN, LIM, M, N, S, SA, WC
PTERIDACEAE|Pteridium aquilinum||||||Fern|||||Exotic
PTERIDACEAE|Pteris cretica |Pteris cretica L.|LC|No||Perennial|Geophyte, herb, lithophyte|0.25|0.44|75|1800|EC, FS, FSA, G, KZN, L, LIM, M, NW, S, SA, WC
PTERIDACEAE|Pteris dentata |Pteris dentata Forssk.|LC|No||Perennial|Geophyte, herb|0.4|1.2|30|1725|EC, FSA, G, KZN, LIM, M, N, NW, S, SA, WC
ORCHIDACEAE|Pterygodium magnum|Pterygodium magnum Rchb.f.|LC|No||Perennial|Geophyte, herb|0.6|1.5|500|2000|EC, FS, FSA, KZN, LIM, M, S, SA
HYACINTHACEAE|Resnova lachenalioides |Resnova lachenalioides (Baker) Van der Merwe|LC|No| Ledebouria lachenalioides|Perennial|Geophyte|0|0.25|610|2135|EC, FSA, KZN, SA
RHAMNACEAE|Rhamnus prinoides|Rhamnus prinoides L H,r||||||||||
FABACEAE|Rhynchosia adenodes|Rhynchosia adenodes Eckl. & Zeyh.|LC|No||Perennial|Herb|0.1|0.6|10|2195|EC, FS, FSA, G, KZN, L, LIM, M, NC, NW, SA, WC
FABACEAE|Rhynchosia caribaea|Rhynchosia caribaea (Jacq.) DC.|LC|No||Perennial|Climber, herb|0.3|1|5|2010|B, EC, FS, FSA, G, KZN, L, LIM, M, N, NW, S, SA, WC
RUBIACEAE|Richardia humistrata |Richardia humistrata (Cham. & Schltdl.) Steud.|Not Evaluated|No||Perennial|Herb|0|0.2|700|1800|EC, FS, FSA, G, LIM, SA
ROSACEAE|Rosa rubiginosa |Rosa rubiginosa L.|Not Evaluated|No|Rosa eglanteria|Perennial|Scrambler, shrub|1|3|850|2000|EC, FS, FSA, KZN, L, M, NW, SA, WC
SALICACEAE|Salix mucronata |Salix mucronata Thunb. subsp. mucronata|LC|No||Perennial|Shrub, tree|1.5|3|81|1435|B, FSA, N
CHENOPODIACEAE|Salsola kali |Salsola kali L.|Not Evaluated|No||Annual|Herb|0.4|0.6|0|0|EC, FSA, G, M, N, NC, NW, SA, WC
LAMIACEAE|Salvia repens|Salvia repens Burch. ex Benth. var. repens|LC|No||Perennial|Herb|0.25|0.8|15|2440|EC, FS, FSA, G, KZN, L, LIM, M, NW, SA, WC
LAMIACEAE|Salvia stenophylla |Salvia stenophylla Burch. ex Benth.||No||Perennial|Herb|0.2|0.6|364|2150|B, EC, FS, FSA, G, KZN, L, LIM, M, N, NC, NW, SA, WC
ASTERACEAE|Schkuhria pinnata|Schkuhria pinnata (Lam.) Kuntze ex Thell.|Not Evaluated|No||Annual|Herb|0.15|0.6|5|2125|B, EC, FS, FSA, G, KZN, L, LIM, M, N, NC, S, SA, WC
CYPERACEAE|Schoenoplectus paludicola |Schoenoplectus paludicola (Kunth) Palla|LC|No||Perennial|Cyperoid, emergent hydrophyte, helophyte, herb|0.34|0.91|60|1524|EC, FSA, KZN, M, SA, WC
CYPERACEAE|Schoenoxiphium lehmannii |Schoenoxiphium lehmannii (Nees) Steud.|LC|No||Perennial|Cyperoid, herb, mesophyte|0|0.6|120|1510|EC, FS, FSA, G, KZN, LIM, M, NW, SA, WC
ACANTHACEAE|Sclerochiton odoratissimus|Sclerochiton odoratissimus Hilliard|LC|No||Perennial|Shrub|1.5|2|550|1525|EC, FSA, KZN, SA
RHAMNACEAE|Scutia myrtina |Scutia myrtina (Burm.f.) Kurz|LC|No||Perennial|Shrub, tree|1|8|5|1830|EC, FSA, KZN, LIM, M, S, SA, WC
ANACARDIACEAE|Searsia dentata|Searsia dentata (Thunb.) F.A.Barkley|LC|No|Rhus dentata|Perennial|Shrub, tree|0.5|6|15|2500|EC, FS, FSA, G, KZN, L, LIM, M, NW, S, SA
ANACARDIACEAE|Searsia dregeana |Searsia dregeana (Sond.) Moffett|LC|No||Perennial|Shrub|0.6|2|550|2175|EC, FS, FSA, L, SA
ANACARDIACEAE|Searsia gueinzii |Searsia gueinzii (Sond.) F.A.Barkley|LC|No|Rhus gueinzii|Perennial|Shrub, tree|1|7|12|1280|EC, FSA, KZN, LIM, M, S, SA
ANACARDIACEAE|Searsia laevigata |Searsia laevigata (L.) F.A.Barkley var. laevigata forma laevigata|Not Evaluated|No||Perennial|Shrub, tree|1|2.5|5|1675|EC, FSA, NC, SA, WC
ANACARDIACEAE|Searsia lucida |Searsia lucida (L.) F.A.Barkley forma lucida|Not Evaluated|No|Rhus lucida|Perennial|Shrub, tree|0.5|3|5|2135|EC, FSA, KZN, L, LIM, M, SA, WC
ANACARDIACEAE|Searsia pallens |Searsia pallens (Eckl. & Zeyh.) Moffett|LC|No|Rhus pallens|Perennial|Shrub, tree|0.5|3|10|2600|B, EC, FS, FSA, G, KZN, L, NW, SA, WC
ANACARDIACEAE|Searsia undulata |Searsia undulata (Jacq.) T.S.Yi, A.J.Mill. & J.Wen|LC|No||Perennial|Shrub|0.5|3|20|1250|FSA, N, NC, SA, WC
GENTIANACEAE|Sebaea sedoides |Sebaea sedoides Gilg var. confertiflora (Schinz) Marais|LC|No||Annual|Herb|0.15|0.64|460|2440|EC, FS, FSA, KZN, L, LIM, M, S, SA
SCROPHULARIACEAE|Selago corymbosa |Selago corymbosa L.|LC|No||Perennial|Dwarf shrub, shrub|0.3|1|0|1050|EC, FSA, SA, WC
SCROPHULARIACEAE|Selago galpinii |Selago galpinii Schltr.|LC|No||Perennial|Herb|0|0|1500|2575|EC, FS, FSA, KZN, L, M, SA
SCROPHULARIACEAE|Selago geniculata|Selago geniculata L.f.|LC|No||Perennial|Dwarf shrub|0.1|0.5|0|1500|EC, FS, FSA, NC, NW, SA, WC
ASTERACEAE|Senecio oxyodontus |Senecio oxyodontus DC.|LC|No||Perennial|Herb, shrub, succulent|0.2|1|100|1675|EC, FSA, KZN, SA
ASTERACEAE|Senecio speciosus |Senecio speciosus Willd.|LC|No||Perennial|Herb|0.15|0.75|10|3200|EC, FS, FSA, KZN, L, LIM, M, S, SA, WC
POACEAE|Setaria nigrirostris |Setaria nigrirostris (Nees) T.Durand & Schinz|LC|No||Perennial|Graminoid|0|1.2|150|2000|EC, FS, FSA, G, KZN, L, LIM, M, NW, S, SA
POACEAE|Setaria pallide-fusca |Setaria pallide-fusca (Schumach.) Stapf & C.E.Hubb.||No| Setaria pumila|Annual|Graminoid|0.2|0.89|5|2300|FS, FSA, KZN, L, N, S, SA
POACEAE|Setaria sphacelata |Setaria sphacelata (Schumach.) Stapf & C.E.Hubb. ex M.B.Moss var. sphacelata|LC|No||Perennial|Graminoid|0|1|10|1900|B, EC, FS, FSA, G, KZN, L, LIM, M, N, NW, S, SA, WC
MALVACEAE|Sida rhombifolia |Sida rhombifolia L. subsp. rhombifolia|LC|No||Annual or biennial|Dwarf shrub, herb, shrub|0.11|1.03|5|2100|B, EC, FS, FSA, G, KZN, L, LIM, M, NC, NW, S, SA
MALVACEAE|Sida ternata |Sida ternata L.f.|LC|No||Annual|Herb|0.1|0.75|15|1695|EC, FS, FSA, G, KZN, LIM, M, NC, NW, SA, WC
CARYOPHYLLACEAE|Silene burchellii |Silene burchellii Otth var. angustifolia Sond.|Not Evaluated|No||Perennial|Herb|0.05|0.4|600|2425|EC, FS, FSA, G, KZN, L, LIM, M, N, NC, NW, S, SA, WC
SOLANACEAE|Solanum coccineum |Solanum coccineum Jacq.||No| Solanum tomentosum var. coccineum|[No lifecycle defined]|[No lifeform defined]|0|0|0|0|FSA, SA
SOLANACEAE|Solanum lichtensteinii |Solanum lichtensteinii Willd.|LC|No||Perennial|Dwarf shrub, shrub|0.3|2|150|1950|B, EC, FS, FSA, G, KZN, L, LIM, M, N, NC, NW, S, SA
SOLANACEAE|Solanum tomentosum |Solanum tomentosum L. var. tomentosum|LC|No||Perennial|Dwarf shrub, herb, shrub|0.5|1.5|10|1785|EC, FS, FSA, L, NC, SA, WC
HYPOXIDACEAE|Spiloxene trifurcillata|Spiloxene trifurcillata (Nel) Fourc.|LC|No||Perennial|Geophyte|0.02|0.1|20|300|EC, FSA, SA
POACEAE|Sporobolus africanus |Sporobolus africanus (Poir.) Robyns & Tournay|LC|No||Perennial|Graminoid|0|1.5|5|2200|B, EC, FS, FSA, G, KZN, L, LIM, M, N, NW, S, SA, WC
POACEAE|Sporobolus fimbriatus |Sporobolus fimbriatus (Trin.) Nees|LC|No||Perennial|Graminoid|0|1.6|10|2200|B, EC, FS, FSA, G, KZN, L, LIM, M, N, NC, NW, SA, WC
LAMIACEAE|Stachys aethiopica |Stachys aethiopica L.|LC|No||Perennial|Herb|0|0|5|2438|EC, FSA, LIM, M, NC, SA, WC
LAMIACEAE|Stachys grandifolia|Stachys grandifolia E.Mey. ex Benth.|LC|No||Perennial|Herb|0|1|371|2135|EC, FSA, KZN, L, LIM, M, S, SA
THELYPTERIDACEAE|Stegnogramma pozoi |Stegnogramma pozoi (Lag.) K.Iwats.|LC|No||Perennial|Geophyte, herb, lithophyte|0.2|0.4|50|1200|EC, FSA, KZN, LIM, M, S, SA, WC
ORCHIDACEAE|Stenoglottis fimbriata|Stenoglottis fimbriata Lindl. subsp. fimbriata|LC|No||Perennial|Geophyte, herb, lithophyte|0.1|0.44|185|1890|EC, FSA, KZN, LIM, M, S, SA
POACEAE|Stiburus conrathii|Stiburus conrathii Hack.|LC|No||Perennial|Graminoid|0|0.5|1400|2400|FS, FSA, G, KZN, L, M, S, SA
POACEAE|Stipa dregeana |Stipa dregeana Steud. var. dregeana|LC|No||Perennial|Graminoid|0|2|5|1800|EC, FSA, SA, WC
GESNERIACEAE|Streptocarpus rexii |Streptocarpus rexii (Bowie ex Hook.) Lindl.|LC|No||Perennial|Epiphyte, herb, lithophyte|0.07|0.3|200|1550|EC, FSA, KZN, SA, WC
POTTIACEAE|Syntrichia fragilis|Syntrichia fragilis (Taylor) Ochyra||No||Perennial|Bryophyte, epiphyte|1|1.5|25|2900|EC, FS, FSA, KZN, L, LIM, M, N, NC, S, SA, WC
PORTULACACEAE|Talinum caffrum |Talinum caffrum (Thunb.) Eckl. & Zeyh.|LC|No||Annual (occ. perennial)|Dwarf shrub, herb, succulent|0.02|0.6|50|2750|B, EC, FS, FSA, G, KZN, L, LIM, M, N, NC, NW, S, SA, WC
FABACEAE|Tephrosia capensis|Tephrosia capensis (Jacq.) Pers. var. capensis|LC|No||Perennial|Dwarf shrub, herb, shrub|0.1|3|945|1983|EC, FS, FSA, G, KZN, L, LIM, M, NW, SA, WC
POACEAE|Tetrachne dregei |Tetrachne dregei Nees|LC|No||Perennial|Graminoid|0.31|0.86|1400|2500|EC, FS, FSA, L, NC, SA, WC
LAMIACEAE|Teucrium africanum |Teucrium africanum Thunb.|LC|No||Perennial|Dwarf shrub|0.1|0.3|15|1465|EC, FSA, SA, WC
POACEAE|Themeda triandra |Themeda triandra Forssk.|LC|No||Perennial|Graminoid|0.3|2|2|2500|B, EC, FS, FSA, G, KZN, L, LIM, M, N, NC, NW, S, SA, WC
POACEAE|Tragus berteronianus |Tragus berteronianus Schult.|LC|No||Annual|Graminoid|0|0.6|6|2300|B, EC, FS, FSA, G, KZN, LIM, M, N, NC, NW, S, SA, WC
ZYGOPHYLLACEAE|Tribulus terrestris|Tribulus terrestris L.|LC|No||Annual|Herb|0.01|0.2|25|2130|B, EC, FS, FSA, G, KZN, LIM, M, N, NC, NW, S, SA, WC
POTTIACEAE|Trichostomum brachydontium |Trichostomum brachydontium Bruch||No||Perennial|Bryophyte|0.4|2.59|0|2860|B, EC, FS, FSA, G, KZN, L, LIM, M, N, NC, NW, S, SA, WC
SALICACEAE|Trimeria trinervis |Trimeria trinervis Harv.|LC|No||Perennial|Tree|0.07|5|305|1700|EC, FSA, KZN, M, SA
POACEAE|Triraphis andropogonoides |Triraphis andropogonoides (Steud.) E.Phillips|LC|No||Perennial|Graminoid|0|1.22|70|1900|B, EC, FS, FSA, G, KZN, LIM, M, NC, NW, SA, WC
POACEAE|Tristachya leucothrix|Tristachya leucothrix Trin. ex Nees|LC|No||Perennial|Graminoid|0|1.2|70|2400|EC, FS, FSA, G, KZN, L, LIM, M, NW, S, SA, WC
IRIDACEAE|Tritonia gladiolaris |Tritonia gladiolaris (Lam.) Goldblatt & J.C.Manning|LC|No||[No lifecycle defined]|[No lifeform defined]|0|0|0|0|EC, FSA, KZN, L, M, SA, WC
IRIDACEAE|Tritonia securigera |Tritonia securigera (Aiton) Ker Gawl.||No| Tritonia securigera subsp. securigera|Perennial|Geophyte, herb|0.15|0.3|305|667|EC, FSA, SA, WC
VERBENACEAE|Verbena bonariensis|Verbena bonariensis L.|Not Evaluated|No||Annual|Herb|1|2|46|2135|B, EC, FS, FSA, G, KZN, L, LIM, M, NC, NW, S, SA, WC
ASTERACEAE|Verbesina encelioides |Verbesina encelioides (Cav.) Benth. & Hook. var. encelioides|Not Evaluated|No||Annual|Herb|0.5|1|90|1465|B, FSA, LIM, N, NC, NW, SA
VISCACEAE|Viscum continuum |Viscum continuum E.Mey. ex Sprague|LC|No||Perennial|Parasite, shrub, succulent|1|1.5|90|1020|EC, FSA, SA, WC
VISCACEAE|Viscum crassulae |Viscum crassulae Eckl. & Zeyh.|LC|No||Perennial|Dwarf shrub, parasite, succulent|0.2|0.3|155|550|EC, FSA, SA, WC
CAMPANULACEAE|Wahlenbergia cuspidata|Wahlenbergia cuspidata Brehmer|LC|No||Perennial|Herb|0.3|0.6|1220|2670|EC, FSA, KZN, SA
CAMPANULACEAE|Wahlenbergia undulata|Wahlenbergia undulata (L.f.) A.DC.|LC|No||Perennial|Herb|0.15|1|5|3200|B, EC, FS, FSA, G, KZN, L, LIM, M, N, NC, NW, S, SA, WC
IRIDACEAE|Watsonia amatolae |Watsonia amatolae Goldblatt|Rare|No||Perennial|Geophyte, herb|0.4|0.6|0|1494|EC, FSA, SA
ASTERACEAE|Xanthium spinosum |Xanthium spinosum L.|Not Evaluated|No||Annual|Herb|0|1|45|1620|B, EC, FS, FSA, G, KZN, L, LIM, M, NC, NW, SA, WC
APOCYNACEAE|Xysmalobium parviflorum|Xysmalobium parviflorum Harv. ex Scott-Elliot|LC|No||Perennial|Herb, succulent|0.11|0.31|900|2100|EC, FS, FSA, G, KZN, L, LIM, M, SA
SCROPHULARIACEAE|Zaluzianskya spathacea |Zaluzianskya spathacea (Benth.) Walp.|LC|No||Perennial|Herb|0|0|915|2650|EC, FS, FSA, KZN, L, M, S, SA, TVL
RHAMNACEAE|Ziziphus mucronata |Ziziphus mucronata Willd. subsp. mucronata|LC|No||Perennial|Shrub, tree|1|20|15|2000|B, EC, FS, FSA, G, KZN, LIM, M, N, NC, NW, S, SA
FABACEAE|Zornia capensis|Zornia capensis Pers. subsp. capensis|LC|No||Perennial|Herb|0.05|3|5|2000|EC, FS, FSA, G, KZN, LIM, M, NC, NW, S, SA
